	mutant	score
0	K6A	0.8
1	L7A	-20.8
2	L7I	-9.3
3	L7V	-14.6
4	L7N	-9.8
5	P8A	-11.2
6	P8G	-10.9
7	P9A	-2.6
8	P9G	-5.5
9	G10A	-9.6
10	W11F	-23.6
11	E12A	-6.0
12	K13A	1.0
13	R14A	-19.4
14	M15A	-6.8
15	S16A	-4.6
16	S16G	-11.0
17	R17A	0.2
18	R17G	-1.3
19	S18A	-0.2
20	S18G	-2.1
21	S19A	-1.5
22	S19G	-2.6
23	G20A	-9.7
24	R21A	-7.7
25	R21G	-7.1
26	V22A	-4.4
27	Y23A	-24.7
28	Y23L	-13.3
29	Y23F	-5.8
30	Y24F	-7.2
31	Y24W	-5.7
32	F25A	-26.1
33	F25L	-16.1
34	F25Y	3.4
35	N26D	-22.6
36	H27A	-0.9
37	H27G	-8.1
38	I28A	-4.4
39	I28G	-11.4
40	T29A	-14.3
41	T29G	-24.2
42	T29S	-7.8
43	T29D	-15.7
44	N30A	-5.3
45	N30G	6.4
46	A31G	-17.7
47	S32A	-1.7
48	S32G	-8.5
49	Q33A	-5.5
50	W34A	-5.7
51	W34F	-0.6
52	E35A	-8.3
53	R36A	-1.9
54	S38A	0.2
55	S38G	-0.4
